name,type,kind,null?,default,primary key,unique key,check,expression,comment,policy name,privacy domain
PROJECT_NUMBER,VARCHAR(32),COLUMN,N,,N,N,,,,,
WBS_ELEMENT,VARCHAR(32),COLUMN,N,,N,N,,,,,
FISCAL_YEAR_MONTH_NO,"NUMBER(8,0)",COLUMN,N,,N,N,,,,,
CURRENT_BUDGET_AMOUNT,"NUMBER(38,6)",COLUMN,Y,,N,N,,,,,
CURRENT_BUDGET_AMOUNT_PER_MH,"NUMBER(38,6)",COLUMN,Y,,N,N,,,,,
CURRENT_BUDGET_CF,"NUMBER(38,6)",COLUMN,Y,,N,N,,,,,
CURRENT_BUDGET_LEI,"NUMBER(38,6)",COLUMN,Y,,N,N,,,,,
CURRENT_BUDGET_MANHOURS,"NUMBER(38,6)",COLUMN,Y,,N,N,,,,,
CURRENT_BUDGET_MHF,"NUMBER(38,6)",COLUMN,Y,,N,N,,,,,
CURRENT_BUDGET_QUANTITY,"NUMBER(38,6)",COLUMN,Y,,N,N,,,,,
CURRENT_BUDGET_UNIT_COST,"NUMBER(38,6)",COLUMN,Y,,N,N,,,,,
CURRENT_BUDGET_UOM_PER_MH,"NUMBER(38,6)",COLUMN,Y,,N,N,,,,,
CURRENT_ESTIMATE_AMOUNT,"NUMBER(38,6)",COLUMN,Y,,N,N,,,,,
CURRENT_ESTIMATE_AMOUNT_PER_MH,"NUMBER(38,6)",COLUMN,Y,,N,N,,,,,
CURRENT_ESTIMATE_CF,"NUMBER(38,6)",COLUMN,Y,,N,N,,,,,
CURRENT_ESTIMATE_EARNED_MANHOURS,"NUMBER(38,6)",COLUMN,Y,,N,N,,,,,
CURRENT_ESTIMATE_LEI,"NUMBER(38,6)",COLUMN,Y,,N,N,,,,,
CURRENT_ESTIMATE_MANHOURS,"NUMBER(38,6)",COLUMN,Y,,N,N,,,,,
CURRENT_ESTIMATE_MHF,"NUMBER(38,6)",COLUMN,Y,,N,N,,,,,
CURRENT_ESTIMATE_QUANTITY,"NUMBER(38,6)",COLUMN,Y,,N,N,,,,,
UNIT_OF_MEASURE,VARCHAR(32),COLUMN,Y,,N,N,,,,,
CURRENT_ESTIMATE_UNIT_COST,"NUMBER(38,6)",COLUMN,Y,,N,N,,,,,
CURRENT_ESTIMATE_UOM_PER_MH,"NUMBER(38,6)",COLUMN,Y,,N,N,,,,,
DELTA_FROM_STRAIGHT_LINE,"NUMBER(35,6)",COLUMN,Y,,N,N,,,,,
FORECAST_AMOUNT,"NUMBER(38,6)",COLUMN,Y,,N,N,,,,,
FORECAST_AMOUNT_G_PER_L,"NUMBER(38,6)",COLUMN,Y,,N,N,,,,,
FORECAST_G_PER_L_PERCENT,"NUMBER(38,6)",COLUMN,Y,,N,N,,,,,
FORECAST_AMOUNT_PER_MH,"NUMBER(38,6)",COLUMN,Y,,N,N,,,,,
FORECAST_CF,"NUMBER(38,6)",COLUMN,Y,,N,N,,,,,
FORECAST_CF_CE,"NUMBER(38,6)",COLUMN,Y,,N,N,,,,,
FORECAST_CHANGE,"NUMBER(35,6)",COLUMN,Y,,N,N,,,,,
FORECAST_FROM_STRAIGHT_LINE,"NUMBER(35,6)",COLUMN,Y,,N,N,,,,,
FORECAST_LEI,"NUMBER(38,6)",COLUMN,Y,,N,N,,,,,
FORECAST_LEI_CE,"NUMBER(38,6)",COLUMN,Y,,N,N,,,,,
FORECAST_MH,"NUMBER(38,6)",COLUMN,Y,,N,N,,,,,
FORECAST_MH_CHANGE,"NUMBER(35,6)",COLUMN,Y,,N,N,,,,,
FORECAST_MH_G_PER_L,"NUMBER(38,6)",COLUMN,Y,,N,N,,,,,
FORECAST_MH_G_PER_L_CE,"NUMBER(38,6)",COLUMN,Y,,N,N,,,,,
FORECAST_MHF,"NUMBER(38,6)",COLUMN,Y,,N,N,,,,,
FORECAST_PF,"NUMBER(38,6)",COLUMN,Y,,N,N,,,,,
FORECAST_PF_CE,"NUMBER(38,6)",COLUMN,Y,,N,N,,,,,
FORECAST_QUANTITY,"NUMBER(38,6)",COLUMN,Y,,N,N,,,,,
FORECAST_REMAINING_AMOUNT,"NUMBER(38,6)",COLUMN,Y,,N,N,,,,,
FORECAST_REMAINING_AMOUNT_PER_MH,"NUMBER(38,6)",COLUMN,Y,,N,N,,,,,
FORECAST_REMAINING_CF,"NUMBER(38,6)",COLUMN,Y,,N,N,,,,,
FORECAST_REMAINING_CF_CE,"NUMBER(38,6)",COLUMN,Y,,N,N,,,,,
FORECAST_REMAINING_LEI,"NUMBER(38,6)",COLUMN,Y,,N,N,,,,,
FORECAST_REMAINING_LEI_CE,"NUMBER(38,6)",COLUMN,Y,,N,N,,,,,
FORECAST_REMAINING_MH,"NUMBER(38,6)",COLUMN,Y,,N,N,,,,,
FORECAST_REMAINING_MHF,"NUMBER(38,6)",COLUMN,Y,,N,N,,,,,
FORECAST_REMAINING_PF,"NUMBER(38,6)",COLUMN,Y,,N,N,,,,,
FORECAST_REMAINING_PF_CE,"NUMBER(38,6)",COLUMN,Y,,N,N,,,,,
FORECAST_REMAINING_QUANTITY,"NUMBER(38,6)",COLUMN,Y,,N,N,,,,,
FORECAST_REMAINING_UNIT_COST,"NUMBER(38,6)",COLUMN,Y,,N,N,,,,,
FORECAST_UNIT_COST,"NUMBER(38,6)",COLUMN,Y,,N,N,,,,,
IMPROVEMENT_FACTOR,"NUMBER(38,6)",COLUMN,Y,,N,N,,,,,
MH_IMPROVEMENT_FACTOR,"NUMBER(38,6)",COLUMN,Y,,N,N,,,,,
MANHOUR_STRAIGHT_LINE,"NUMBER(35,6)",COLUMN,Y,,N,N,,,,,
UNCOMMITTED_FORECAST_AMOUNT,"NUMBER(38,6)",COLUMN,Y,,N,N,,,,,
ORIGINAL_BUDGET_AMOUNT,"NUMBER(38,6)",COLUMN,Y,,N,N,,,,,
ORIGINAL_BUDGET_MANHOURS,"NUMBER(38,6)",COLUMN,Y,,N,N,,,,,
ORIGINAL_BUDGET_MHF,"NUMBER(38,6)",COLUMN,Y,,N,N,,,,,
ORIGINAL_BUDGET_QUANTITY,"NUMBER(38,6)",COLUMN,Y,,N,N,,,,,
ORIGINAL_BUDGET_UNIT_COST,"NUMBER(38,6)",COLUMN,Y,,N,N,,,,,
ACTUAL_COST,"NUMBER(38,6)",COLUMN,Y,,N,N,,,,,
ACTUAL_COST_G_PER_L,"NUMBER(38,6)",COLUMN,Y,,N,N,,,,,
ACTUAL_COST_G_PER_L_PERCENT,"NUMBER(38,6)",COLUMN,Y,,N,N,,,,,
ACTUAL_COST_G_PER_L_CE,"NUMBER(38,6)",COLUMN,Y,,N,N,,,,,
ACTUAL_COST_PER_MH,"NUMBER(38,6)",COLUMN,Y,,N,N,,,,,
PERCENT_COMPLETE,"NUMBER(38,6)",COLUMN,Y,,N,N,,,,,
PERCENT_COMPLETE_MH,"NUMBER(38,6)",COLUMN,Y,,N,N,,,,,
PERCENT_COMPLETE_MH_CE,"NUMBER(38,6)",COLUMN,Y,,N,N,,,,,
CF,"NUMBER(38,6)",COLUMN,Y,,N,N,,,,,
BILLED_MISCELLANEOUS_REVENUE,"NUMBER(38,6)",COLUMN,Y,,N,N,,,,,
CF_CE,"NUMBER(38,6)",COLUMN,Y,,N,N,,,,,
EANED_CURRENT_BUDGET_AMOUNT,"NUMBER(35,6)",COLUMN,Y,,N,N,,,,,
EARNED_CURRENT_ESTIMATE_AMOUNT,"NUMBER(35,6)",COLUMN,Y,,N,N,,,,,
EARNED_MANHOURS,"NUMBER(35,6)",COLUMN,Y,,N,N,,,,,
EARNED_MANHOURS_CE,"NUMBER(35,6)",COLUMN,Y,,N,N,,,,,
LEI,"NUMBER(38,6)",COLUMN,Y,,N,N,,,,,
LEI_CE,"NUMBER(38,6)",COLUMN,Y,,N,N,,,,,
MANHOURS,"NUMBER(38,6)",COLUMN,Y,,N,N,,,,,
MH_G_PER_L,"NUMBER(38,6)",COLUMN,Y,,N,N,,,,,
MH_G_PER_L_CE,"NUMBER(38,6)",COLUMN,Y,,N,N,,,,,
MHF,"NUMBER(38,6)",COLUMN,Y,,N,N,,,,,
MISCELLANEOUS_AMOUNT_GAIN_LOSS,"NUMBER(38,6)",COLUMN,Y,,N,N,,,,,
PF,"NUMBER(38,6)",COLUMN,Y,,N,N,,,,,
PF_CE,"NUMBER(38,6)",COLUMN,Y,,N,N,,,,,
QUANTITY,"NUMBER(38,6)",COLUMN,Y,,N,N,,,,,
UNIT_COST,"NUMBER(38,6)",COLUMN,Y,,N,N,,,,,
UOM_PER_MH,"NUMBER(38,6)",COLUMN,Y,,N,N,,,,,
JTD_ACTUAL_COST,"NUMBER(38,6)",COLUMN,Y,,N,N,,,,,
JTD_COST_G_PER_L_PERCENT,"NUMBER(38,6)",COLUMN,Y,,N,N,,,,,
JTD_COST_G_PER_L,"NUMBER(38,6)",COLUMN,Y,,N,N,,,,,
JTD_COST_G_PER_L_CE,"NUMBER(38,6)",COLUMN,Y,,N,N,,,,,
JTD_COST_PER_MH,"NUMBER(38,6)",COLUMN,Y,,N,N,,,,,
JTD_PERCENT_COMPLETE,"NUMBER(38,6)",COLUMN,Y,,N,N,,,,,
JTD_PERCENT_COMPLETE_MH,"NUMBER(38,6)",COLUMN,Y,,N,N,,,,,
JTD_PERCENT_COMPLETE_MH_CE,"NUMBER(38,6)",COLUMN,Y,,N,N,,,,,
JTD_BILLED_MISCELLANEOUS_REVENUE,"NUMBER(38,6)",COLUMN,Y,,N,N,,,,,
JTD_CF,"NUMBER(38,6)",COLUMN,Y,,N,N,,,,,
JTD_CF_CE,"NUMBER(38,6)",COLUMN,Y,,N,N,,,,,
COMMITMENT,"NUMBER(38,6)",COLUMN,Y,,N,N,,,,,
JTD_EARNED_CB_AMOUNT,"NUMBER(35,6)",COLUMN,Y,,N,N,,,,,
JTD_EARNED_CE_AMOUNT,"NUMBER(35,6)",COLUMN,Y,,N,N,,,,,
JTD_EARNED_MANHOURS,"NUMBER(35,6)",COLUMN,Y,,N,N,,,,,
JTD_EARNED_MH_CE,"NUMBER(35,6)",COLUMN,Y,,N,N,,,,,
JTD_LEI,"NUMBER(38,6)",COLUMN,Y,,N,N,,,,,
JTD_LEI_CE,"NUMBER(38,6)",COLUMN,Y,,N,N,,,,,
JTD_MANHOURS,"NUMBER(38,6)",COLUMN,Y,,N,N,,,,,
JTD_MH_G_PER_L,"NUMBER(38,6)",COLUMN,Y,,N,N,,,,,
JTD_MH_G_PER_L_CE,"NUMBER(38,6)",COLUMN,Y,,N,N,,,,,
JTD_MHF,"NUMBER(38,6)",COLUMN,Y,,N,N,,,,,
JTD_MISCELLANEOUS_AMOUNT_GAIN_LOSS,"NUMBER(38,6)",COLUMN,Y,,N,N,,,,,
JTD_PF,"NUMBER(38,6)",COLUMN,Y,,N,N,,,,,
JTD_PF_CE,"NUMBER(38,6)",COLUMN,Y,,N,N,,,,,
JTD_QUANTITY,"NUMBER(38,6)",COLUMN,Y,,N,N,,,,,
SALES_ORDER_MISCELLANEOUS_REVENUE,"NUMBER(38,0)",COLUMN,Y,,N,N,,,,,
JTD_UNIT_COST,"NUMBER(38,6)",COLUMN,Y,,N,N,,,,,
JTD_UOM_PER_MH,"NUMBER(38,6)",COLUMN,Y,,N,N,,,,,
CREATED_TIMESTAMP,TIMESTAMP_NTZ(3),COLUMN,Y,,N,N,,,,,
UPDATED_TIMESTAMP,TIMESTAMP_NTZ(3),COLUMN,Y,,N,N,,,,,
JOB_RUN_ID,"NUMBER(32,0)",COLUMN,N,,N,N,,,,,
